Region,Cell_type,Mutation,Min,Max,Average
Intron12,293T,WT,"190,896","196,509","193,703"
Intron12,293T,c.1285G>A,"117,584","136,855","127,220"
Ex13,293T,WT,"162,095","163,867","162,981"
Ex13,293T,c.1285G>A,"96,394","115,404","105,899"
Intron13,293T,WT,583,"3,714","2,148"
Intron13,293T,c.1285G>A,"9,776","10,132","9,954"
nEx14,293T,WT,855,"3,236","2,046"
nEx14,293T,c.1285G>A,"6,629","8,722","7,676"
cEx14,293T,WT,"125,050","135,883","130,467"
cEx14,293T,c.1285G>A,"130,331","143,428","136,879"
Intron14,293T,WT,635,"1,402","1,019"
Intron14,293T,c.1285G>A,"3,518","3,629","3,573"
Ex15,293T,WT,"502,912","514,713","508,813"
Ex15,293T,c.1285G>A,"601,431","626,160","613,795"
Intron12,Cortical_Neurons,WT,"61,891","98,651","80,271"
Intron12,Cortical_Neurons,c.1285G>A,"121,823","126,976","124,399"
Ex13,Cortical_Neurons,WT,"322,113","385,077","353,595"
Ex13,Cortical_Neurons,c.1285G>A,"246,462","336,813","291,638"
Intron13,Cortical_Neurons,WT,65,299,182
Intron13,Cortical_Neurons,c.1285G>A,"8,823","10,092","9,458"
nEx14,Cortical_Neurons,WT,"3,696","4,702","4,199"
nEx14,Cortical_Neurons,c.1285G>A,"17,271","17,340","17,306"
cEx14,Cortical_Neurons,WT,"18,138","30,553","24,346"
cEx14,Cortical_Neurons,c.1285G>A,"45,426","58,027","51,726"
Intron14,Cortical_Neurons,WT,98,247,172
Intron14,Cortical_Neurons,c.1285G>A,"1,274","1,459","1,366"
Ex15,Cortical_Neurons,WT,"495,457","583,088","539,272"
Ex15,Cortical_Neurons,c.1285G>A,"470,408","554,549","512,478"